pattern,detected,coverage_pct,work,ms,phase
0,0,0,0,0,R
1,2731,35.266,1.55302e+06,29.9513,R
2,4266,55.0878,1.55302e+06,29.9528,R
3,5106,65.9349,1.55302e+06,29.9531,R
4,5613,72.4819,1.55302e+06,29.9532,R
5,5975,77.1565,1.55302e+06,29.9535,R
6,6247,80.6689,1.55302e+06,29.9536,R
7,6425,82.9675,1.55302e+06,29.9536,R
8,6579,84.9561,1.55302e+06,29.9537,R
9,6697,86.4799,1.55302e+06,29.9543,R
10,6766,87.3709,1.55302e+06,29.9547,R
11,6846,88.4039,1.55302e+06,29.9548,R
12,6913,89.2691,1.55302e+06,29.9549,R
13,7057,91.1286,1.55302e+06,29.9549,R
14,7093,91.5935,1.55302e+06,29.955,R
15,7152,92.3554,1.55302e+06,29.9551,R
16,7167,92.5491,1.55302e+06,29.9552,R
17,7210,93.1043,1.55302e+06,29.9558,R
18,7225,93.298,1.55302e+06,29.956,R
19,7258,93.7242,1.55302e+06,29.9561,R
20,7314,94.4473,1.55302e+06,29.9563,R
21,7337,94.7443,1.55302e+06,29.9565,R
22,7393,95.4675,1.55302e+06,29.9565,R
23,7401,95.5708,1.55302e+06,29.9568,R
24,7437,96.0356,1.55302e+06,29.9568,R
25,7456,96.281,1.55302e+06,29.9569,R
26,7466,96.4101,1.55302e+06,29.957,R
27,7486,96.6684,1.55302e+06,29.9571,R
28,7494,96.7717,1.55302e+06,29.9572,R
29,7499,96.8363,1.55302e+06,29.9574,R
30,7507,96.9396,1.55302e+06,29.9578,R
31,7538,97.3399,1.55302e+06,29.9579,R
32,7552,97.5207,1.55302e+06,29.9579,R
33,7560,97.624,1.55302e+06,29.9588,R
34,7569,97.7402,1.55302e+06,29.9589,R
35,7596,98.0888,1.55302e+06,29.959,R
37,7604,98.1921,1.55302e+06,29.9591,R
38,7633,98.5666,1.55302e+06,29.9592,R
39,7637,98.6183,1.55302e+06,29.9593,R
40,7641,98.6699,1.55302e+06,29.9594,R
41,7657,98.8765,1.55302e+06,29.9595,R
43,7670,99.0444,1.55302e+06,29.9598,R
47,7676,99.1219,1.55302e+06,29.96,R
48,7690,99.3027,1.55302e+06,29.9601,R
53,7696,99.3802,1.55302e+06,29.9603,R
57,7700,99.4318,1.55302e+06,29.9606,R
76,7706,99.5093,1.55728e+06,30.034,R
146,7710,99.561,1.56029e+06,30.0575,R
