circuit,method,param,seed,faults,detected,redundant,aborted,fc_pct,fe_pct,random_applied,random_kept,podem_vectors,podem_calls,probe_calls,tests,compacted,switch_at,work_random,work_podem,work_total,ms_random,ms_podem,ms_total,ms_compact,work_unresolved,work_core
c17,plateau,64,1,22,22,0,0,100.0000,100.0000,64,7,0,0,0,7,6,64,62,0,62,0.006,0.000,0.006,0.003,0,62
c17,plateau,64,2,22,22,0,0,100.0000,100.0000,64,9,0,0,0,9,6,64,62,0,62,0.003,0.000,0.003,0.002,0,62
c17,plateau,64,3,22,22,0,0,100.0000,100.0000,64,8,0,0,0,8,4,64,62,0,62,0.002,0.000,0.002,0.002,0,62
c17,plateau,64,4,22,22,0,0,100.0000,100.0000,64,8,0,0,0,8,6,64,62,0,62,0.002,0.000,0.002,0.002,0,62
c17,plateau,64,5,22,22,0,0,100.0000,100.0000,64,8,0,0,0,8,7,64,62,0,62,0.002,0.000,0.002,0.002,0,62
c432,plateau,1280,1,524,520,0,4,99.2366,99.2366,1280,90,1,5,0,91,61,1280,26737,332760,359497,0.526,5.982,6.507,0.535,331694,27803
c432,plateau,1280,2,524,520,0,4,99.2366,99.2366,1280,81,0,4,0,81,53,1280,26546,331694,358240,0.502,5.974,6.476,0.485,331694,26546
c432,plateau,1280,3,524,520,0,4,99.2366,99.2366,1280,72,0,4,0,72,55,1280,25950,331694,357644,0.462,6.039,6.501,0.497,331694,25950
c432,plateau,1536,4,524,520,0,4,99.2366,99.2366,1536,77,1,5,0,78,59,1536,27061,332338,359399,0.494,5.921,6.415,0.481,331694,27705
c432,plateau,1088,5,524,520,0,4,99.2366,99.2366,1088,81,0,4,0,81,60,1088,25088,331694,356782,0.454,6.053,6.507,0.557,331694,25088
c499,plateau,960,1,758,750,0,8,98.9446,98.9446,960,69,2,10,0,71,54,960,27351,1560043,1587394,0.382,15.199,15.582,0.464,1558187,29207
c499,plateau,1280,2,758,750,0,8,98.9446,98.9446,1280,76,0,8,0,76,56,1280,29480,1558187,1587667,0.403,14.610,15.013,0.462,1558187,29480
c499,plateau,1152,3,758,750,0,8,98.9446,98.9446,1152,66,0,8,0,66,55,1152,28433,1558187,1586620,0.423,14.679,15.102,0.609,1558187,28433
c499,plateau,1024,4,758,750,0,8,98.9446,98.9446,1024,63,1,9,0,64,54,1024,28172,1559145,1587317,0.406,14.812,15.218,0.446,1558187,29130
c499,plateau,1216,5,758,750,0,8,98.9446,98.9446,1216,72,0,8,0,72,55,1216,28763,1558187,1586950,0.391,15.092,15.484,0.469,1558187,28763
c880,plateau,1536,1,942,942,0,0,100.0000,100.0000,1536,97,7,7,0,104,64,1536,37563,9914,47477,0.748,0.108,0.856,0.710,0,47477
c880,plateau,1984,2,942,942,0,0,100.0000,100.0000,1984,105,6,6,0,111,63,1984,40370,9303,49673,0.736,0.097,0.833,0.706,0,49673
c880,plateau,1536,3,942,942,0,0,100.0000,100.0000,1536,96,11,11,0,107,69,1536,38205,17175,55380,0.684,0.188,0.872,0.716,0,55380
c880,plateau,1728,4,942,942,0,0,100.0000,100.0000,1728,93,7,7,0,100,64,1728,38073,10714,48787,0.706,0.103,0.809,0.692,0,48787
c880,plateau,2240,5,942,942,0,0,100.0000,100.0000,2240,114,7,7,0,121,67,2240,42364,8744,51108,0.737,0.089,0.825,0.682,0,51108
c1355,plateau,2176,1,1574,1566,0,8,99.4917,99.4917,2176,117,0,8,0,117,87,2176,97243,2948202,3045445,1.405,24.231,25.637,2.242,2948202,97243
c1355,plateau,2880,2,1574,1566,0,8,99.4917,99.4917,2880,113,0,8,0,113,87,2880,107572,2948202,3055774,1.563,24.026,25.589,2.161,2948202,107572
c1355,plateau,2752,3,1574,1566,0,8,99.4917,99.4917,2752,105,0,8,0,105,87,2752,103336,2948202,3051538,1.506,26.741,28.247,2.188,2948202,103336
c1355,plateau,2112,4,1574,1566,0,8,99.4917,99.4917,2112,103,2,10,0,105,86,2112,97430,2952512,3049942,1.450,24.880,26.330,2.167,2948202,101740
c1355,plateau,2048,5,1574,1566,0,8,99.4917,99.4917,2048,111,0,8,0,111,88,2048,97046,2948202,3045248,1.473,24.258,25.731,2.174,2948202,97046
c1908,plateau,3584,1,1879,1870,6,3,99.5210,99.8403,3584,175,7,16,0,182,129,3584,177231,692268,869499,2.578,13.400,15.979,3.483,672299,197200
c1908,plateau,3008,2,1879,1870,6,3,99.5210,99.8403,3008,163,6,15,0,169,121,3008,162394,727237,889631,2.513,13.769,16.282,3.042,672299,217332
c1908,plateau,3136,3,1879,1870,6,3,99.5210,99.8403,3136,171,9,18,0,180,126,3136,171186,695865,867051,2.543,13.413,15.956,3.016,672299,194752
c1908,plateau,4224,4,1879,1870,6,3,99.5210,99.8403,4224,181,3,12,0,184,116,4224,182469,680958,863427,2.557,12.767,15.324,3.182,672299,191128
c1908,plateau,3392,5,1879,1870,6,3,99.5210,99.8403,3392,192,7,16,0,199,126,3392,172061,712046,884107,2.561,13.033,15.595,3.080,672299,211808
c2670,plateau,1216,1,2747,2630,64,53,95.7408,98.0706,1216,105,78,195,0,183,117,1216,164091,14382543,14546634,3.384,213.305,216.689,2.353,13960116,586518
c2670,plateau,1664,2,2747,2630,64,53,95.7408,98.0706,1664,111,77,194,0,188,112,1664,200498,14293163,14493661,4.401,218.550,222.951,2.308,13960116,533545
c2670,plateau,2176,3,2747,2630,64,53,95.7408,98.0706,2176,105,76,193,0,181,117,2176,232864,14288347,14521211,4.696,224.046,228.742,2.242,13960116,561095
c2670,plateau,1984,4,2747,2630,64,53,95.7408,98.0706,1984,112,78,195,0,190,117,1984,221028,14297739,14518767,4.517,224.530,229.048,2.456,13960116,558651
c2670,plateau,1728,5,2747,2630,64,53,95.7408,98.0706,1728,108,75,192,0,183,114,1728,203384,14294275,14497659,4.605,229.828,234.433,2.234,13960116,537543
c3540,plateau,3328,1,3428,3289,84,55,95.9452,98.3956,3328,246,5,144,0,251,181,3328,493628,26893080,27386708,10.371,612.579,622.950,11.451,26863077,523631
c3540,plateau,3200,2,3428,3290,84,54,95.9743,98.4247,3200,240,9,147,0,249,184,3200,496552,26453253,26949805,13.508,665.199,678.707,9.221,26393649,556156
c3540,plateau,3776,3,3428,3291,84,53,96.0035,98.4539,3776,275,4,141,0,279,180,3776,512205,25910793,26422998,11.012,551.095,562.107,8.721,25886232,536766
c3540,plateau,3520,4,3428,3291,84,53,96.0035,98.4539,3520,250,8,145,0,258,179,3520,511339,25939001,26450340,10.361,574.952,585.313,9.547,25886232,564108
c3540,plateau,2816,5,3428,3290,84,54,95.9743,98.4247,2816,245,9,147,0,254,180,2816,480255,26448261,26928516,11.221,600.727,611.948,9.450,26393649,534867
c5315,plateau,2304,1,5350,5291,55,4,98.8972,99.9252,2304,207,2,61,0,209,139,2304,292875,1783731,2076606,6.090,37.098,43.188,5.444,1755297,321309
c5315,plateau,2240,2,5350,5291,55,4,98.8972,99.9252,2240,215,1,60,0,216,138,2240,286510,1761620,2048130,5.992,37.724,43.716,5.373,1755297,292833
c5315,plateau,2368,3,5350,5291,55,4,98.8972,99.9252,2368,215,2,61,0,217,147,2368,291522,1767892,2059414,5.917,38.135,44.051,5.352,1755297,304117
c5315,plateau,2368,4,5350,5291,55,4,98.8972,99.9252,2368,207,1,60,0,208,142,2368,292223,1761572,2053795,5.720,35.545,41.264,5.409,1755297,298498
c5315,plateau,2624,5,5350,5291,55,4,98.8972,99.9252,2624,210,1,60,0,211,138,2624,301701,1761613,2063314,5.872,34.987,40.859,4.983,1755297,308017
c6288,plateau,704,1,7744,7710,32,2,99.5610,99.9742,704,52,0,34,0,52,35,704,1579881,1684974,3264855,29.670,33.190,62.860,28.045,1684974,1579881
c6288,plateau,640,2,7744,7710,32,2,99.5610,99.9742,640,44,0,34,0,44,41,640,1656490,1684974,3341464,30.281,31.425,61.706,28.635,1684974,1656490
c6288,plateau,640,3,7744,7710,32,2,99.5610,99.9742,640,48,0,34,0,48,36,640,1616384,1684974,3301358,27.932,32.832,60.764,28.874,1684974,1616384
c6288,plateau,640,4,7744,7710,32,2,99.5610,99.9742,640,45,0,34,0,45,42,640,1624324,1684974,3309298,29.146,32.691,61.837,29.008,1684974,1624324
c6288,plateau,704,5,7744,7710,32,2,99.5610,99.9742,704,56,0,34,0,56,40,704,1655262,1684974,3340236,30.283,34.223,64.507,30.000,1684974,1655262
c7552,plateau,4224,1,7550,7419,52,79,98.2649,98.9536,4224,232,120,252,0,352,229,4224,791414,23177748,23969162,15.805,501.257,517.062,9.726,20692496,3276666
c7552,plateau,4288,2,7550,7419,52,79,98.2649,98.9536,4288,257,112,245,0,369,242,4288,785394,23381775,24167169,15.529,398.671,414.201,15.610,20692496,3474673
c7552,plateau,3072,3,7550,7419,52,79,98.2649,98.9536,3072,255,117,249,0,372,238,3072,658077,23182887,23840964,14.988,450.830,465.818,10.555,20692496,3148468
c7552,plateau,3136,4,7550,7419,52,79,98.2649,98.9536,3136,249,124,255,0,373,245,3136,679740,22969410,23649150,15.123,400.738,415.861,10.245,20692496,2956654
c7552,plateau,2944,5,7550,7419,52,79,98.2649,98.9536,2944,248,123,255,0,371,236,2944,647696,23185657,23833353,13.239,388.001,401.239,10.487,20692496,3140857
