circuit,method,param,seed,faults,detected,redundant,aborted,fc_pct,fe_pct,random_applied,random_kept,podem_vectors,podem_calls,probe_calls,tests,compacted,switch_at,work_random,work_podem,work_total,ms_random,ms_podem,ms_total,ms_compact
c17,random,32768,1,22,22,0,0,100.0000,100.0000,64,7,0,0,0,7,6,-1,62,0,62,0.007,0.000,0.007,0.004
c17,random,32768,2,22,22,0,0,100.0000,100.0000,64,9,0,0,0,9,6,-1,62,0,62,0.005,0.000,0.005,0.005
c17,random,32768,3,22,22,0,0,100.0000,100.0000,64,8,0,0,0,8,4,-1,62,0,62,0.004,0.000,0.004,0.003
c17,random,32768,4,22,22,0,0,100.0000,100.0000,64,8,0,0,0,8,6,-1,62,0,62,0.004,0.000,0.004,0.003
c17,random,32768,5,22,22,0,0,100.0000,100.0000,64,8,0,0,0,8,7,-1,62,0,62,0.004,0.000,0.004,0.003
c17,podem,0,1,22,22,0,0,100.0000,100.0000,0,0,5,5,0,5,5,0,0,235,235,0.000,0.021,0.021,0.003
c17,podem,0,2,22,22,0,0,100.0000,100.0000,0,0,6,6,0,6,5,0,0,283,283,0.000,0.022,0.022,0.004
c17,podem,0,3,22,22,0,0,100.0000,100.0000,0,0,7,7,0,7,6,0,0,305,305,0.000,0.019,0.019,0.003
c17,podem,0,4,22,22,0,0,100.0000,100.0000,0,0,8,8,0,8,6,0,0,376,376,0.000,0.018,0.018,0.003
c17,podem,0,5,22,22,0,0,100.0000,100.0000,0,0,5,5,0,5,5,0,0,251,251,0.000,0.011,0.011,0.002
c17,fixed-128,128,1,22,22,0,0,100.0000,100.0000,64,7,0,0,0,7,6,64,62,0,62,0.004,0.000,0.004,0.003
c17,fixed-128,128,2,22,22,0,0,100.0000,100.0000,64,9,0,0,0,9,6,64,62,0,62,0.004,0.000,0.004,0.004
c17,fixed-128,128,3,22,22,0,0,100.0000,100.0000,64,8,0,0,0,8,4,64,62,0,62,0.004,0.000,0.004,0.003
c17,fixed-128,128,4,22,22,0,0,100.0000,100.0000,64,8,0,0,0,8,6,64,62,0,62,0.004,0.000,0.004,0.003
c17,fixed-128,128,5,22,22,0,0,100.0000,100.0000,64,8,0,0,0,8,7,64,62,0,62,0.004,0.000,0.004,0.003
c17,fixed-1024,1024,1,22,22,0,0,100.0000,100.0000,64,7,0,0,0,7,6,64,62,0,62,0.003,0.000,0.003,0.003
c17,fixed-1024,1024,2,22,22,0,0,100.0000,100.0000,64,9,0,0,0,9,6,64,62,0,62,0.003,0.000,0.003,0.003
c17,fixed-1024,1024,3,22,22,0,0,100.0000,100.0000,64,8,0,0,0,8,4,64,62,0,62,0.003,0.000,0.003,0.002
c17,fixed-1024,1024,4,22,22,0,0,100.0000,100.0000,64,8,0,0,0,8,6,64,62,0,62,0.003,0.000,0.003,0.002
c17,fixed-1024,1024,5,22,22,0,0,100.0000,100.0000,64,8,0,0,0,8,7,64,62,0,62,0.003,0.000,0.003,0.002
c17,fixed-8192,8192,1,22,22,0,0,100.0000,100.0000,64,7,0,0,0,7,6,64,62,0,62,0.002,0.000,0.002,0.002
c17,fixed-8192,8192,2,22,22,0,0,100.0000,100.0000,64,9,0,0,0,9,6,64,62,0,62,0.003,0.000,0.003,0.003
c17,fixed-8192,8192,3,22,22,0,0,100.0000,100.0000,64,8,0,0,0,8,4,64,62,0,62,0.003,0.000,0.003,0.002
c17,fixed-8192,8192,4,22,22,0,0,100.0000,100.0000,64,8,0,0,0,8,6,64,62,0,62,0.003,0.000,0.003,0.002
c17,fixed-8192,8192,5,22,22,0,0,100.0000,100.0000,64,8,0,0,0,8,7,64,62,0,62,0.002,0.000,0.002,0.002
c17,adaptive,64,1,22,22,0,0,100.0000,100.0000,64,7,0,0,0,7,6,64,62,0,62,0.003,0.000,0.003,0.002
c17,adaptive,64,2,22,22,0,0,100.0000,100.0000,64,9,0,0,0,9,6,64,62,0,62,0.005,0.000,0.005,0.004
c17,adaptive,64,3,22,22,0,0,100.0000,100.0000,64,8,0,0,0,8,4,64,62,0,62,0.003,0.000,0.003,0.002
c17,adaptive,64,4,22,22,0,0,100.0000,100.0000,64,8,0,0,0,8,6,64,62,0,62,0.003,0.000,0.003,0.002
c17,adaptive,64,5,22,22,0,0,100.0000,100.0000,64,8,0,0,0,8,7,64,62,0,62,0.003,0.000,0.003,0.002
c432,random,32768,1,524,520,0,0,99.2366,99.2366,32768,91,0,0,0,91,61,-1,109582,0,109582,1.110,0.000,1.110,0.620
c432,random,32768,2,524,520,0,0,99.2366,99.2366,32768,81,0,0,0,81,53,-1,109358,0,109358,1.028,0.000,1.028,0.626
c432,random,32768,3,524,520,0,0,99.2366,99.2366,32768,72,0,0,0,72,55,-1,108753,0,108753,1.077,0.000,1.077,0.744
c432,random,32768,4,524,520,0,0,99.2366,99.2366,32768,78,0,0,0,78,59,-1,109190,0,109190,1.060,0.000,1.060,0.727
c432,random,32768,5,524,520,0,0,99.2366,99.2366,32768,81,0,0,0,81,60,-1,108399,0,108399,1.123,0.000,1.123,0.689
c432,podem,0,1,524,518,0,6,98.8550,98.8550,0,0,68,75,0,68,57,0,0,1255421,1255421,0.000,26.603,26.603,0.556
c432,podem,0,2,524,520,0,4,99.2366,99.2366,0,0,61,66,0,61,51,0,0,1032667,1032667,0.000,19.984,19.984,0.608
c432,podem,0,3,524,519,0,5,99.0458,99.0458,0,0,67,72,0,67,56,0,0,947161,947161,0.000,18.791,18.791,0.555
c432,podem,0,4,524,520,0,4,99.2366,99.2366,0,0,72,76,0,72,62,0,0,770128,770128,0.000,15.704,15.704,0.579
c432,podem,0,5,524,519,0,5,99.0458,99.0458,0,0,68,74,0,68,56,0,0,1239799,1239799,0.000,23.546,23.546,0.647
c432,fixed-128,128,1,524,520,0,4,99.2366,99.2366,128,63,15,19,0,78,57,128,21614,401669,423283,0.545,8.530,9.076,0.592
c432,fixed-128,128,2,524,520,0,4,99.2366,99.2366,128,63,15,19,0,78,57,128,22899,481999,504898,0.522,10.063,10.585,0.595
c432,fixed-128,128,3,524,520,0,4,99.2366,99.2366,128,58,14,18,0,72,54,128,21790,391703,413493,0.559,8.292,8.852,0.557
c432,fixed-128,128,4,524,520,0,4,99.2366,99.2366,128,55,15,19,0,70,50,128,21821,483002,504823,0.535,9.911,10.446,0.576
c432,fixed-128,128,5,524,519,0,5,99.0458,99.0458,128,61,13,18,0,74,53,128,21400,545584,566984,0.533,11.030,11.563,0.580
c432,fixed-1024,1024,1,524,520,0,4,99.2366,99.2366,1024,90,1,5,0,91,61,1024,26053,332760,358813,0.577,7.129,7.706,0.579
c432,fixed-1024,1024,2,524,520,0,4,99.2366,99.2366,1024,81,0,4,0,81,53,1024,25870,331694,357564,0.601,7.452,8.053,0.593
c432,fixed-1024,1024,3,524,520,0,4,99.2366,99.2366,1024,72,0,4,0,72,55,1024,25277,331694,356971,0.675,7.605,8.281,0.625
c432,fixed-1024,1024,4,524,520,0,4,99.2366,99.2366,1024,76,2,6,0,78,59,1024,25636,333414,359050,0.562,7.223,7.784,0.580
c432,fixed-1024,1024,5,524,520,0,4,99.2366,99.2366,1024,81,0,4,0,81,60,1024,24920,331694,356614,0.570,7.348,7.918,0.594
c432,fixed-8192,8192,1,524,520,0,4,99.2366,99.2366,8192,91,0,4,0,91,61,8192,44943,331694,376637,0.671,7.168,7.839,0.549
c432,fixed-8192,8192,2,524,520,0,4,99.2366,99.2366,8192,81,0,4,0,81,53,8192,44735,331694,376429,0.653,7.392,8.045,0.682
c432,fixed-8192,8192,3,524,520,0,4,99.2366,99.2366,8192,72,0,4,0,72,55,8192,44143,331694,375837,0.718,7.471,8.190,0.613
c432,fixed-8192,8192,4,524,520,0,4,99.2366,99.2366,8192,78,0,4,0,78,59,8192,44579,331694,376273,0.695,7.603,8.298,0.640
c432,fixed-8192,8192,5,524,520,0,4,99.2366,99.2366,8192,81,0,4,0,81,60,8192,43751,331694,375445,0.731,7.935,8.666,0.688
c432,adaptive,1216,1,524,520,0,4,99.2366,99.2366,1216,90,1,5,5,91,61,1216,26566,332758,359324,0.847,9.700,10.547,0.570
c432,adaptive,960,2,524,520,0,4,99.2366,99.2366,960,81,0,4,4,81,53,960,25703,331694,357397,0.572,7.556,8.128,0.605
c432,adaptive,1472,3,524,520,0,4,99.2366,99.2366,1472,72,0,4,4,72,55,1472,26455,331694,358149,0.655,7.172,7.827,0.596
c432,adaptive,896,4,524,520,0,4,99.2366,99.2366,896,74,2,6,6,76,57,896,25224,333860,359084,0.600,7.513,8.113,0.629
c432,adaptive,1088,5,524,520,0,4,99.2366,99.2366,1088,81,0,4,4,81,60,1088,25088,331694,356782,0.561,7.423,7.984,0.588
c499,random,32768,1,758,750,0,0,98.9446,98.9446,32768,71,0,0,0,71,54,-1,164739,0,164739,1.429,0.000,1.429,0.582
c499,random,32768,2,758,750,0,0,98.9446,98.9446,32768,76,0,0,0,76,56,-1,166028,0,166028,1.413,0.000,1.413,0.558
c499,random,32768,3,758,750,0,0,98.9446,98.9446,32768,66,0,0,0,66,55,-1,165057,0,165057,1.395,0.000,1.395,0.528
c499,random,32768,4,758,750,0,0,98.9446,98.9446,32768,64,0,0,0,64,54,-1,166669,0,166669,1.410,0.000,1.410,0.544
c499,random,32768,5,758,750,0,0,98.9446,98.9446,32768,72,0,0,0,72,55,-1,165217,0,165217,1.699,0.000,1.699,0.715
c499,podem,0,1,758,750,0,8,98.9446,98.9446,0,0,81,89,0,81,68,0,0,1808843,1808843,0.000,23.941,23.941,0.493
c499,podem,0,2,758,750,0,8,98.9446,98.9446,0,0,78,86,0,78,70,0,0,1800044,1800044,0.000,22.603,22.603,0.477
c499,podem,0,3,758,750,0,8,98.9446,98.9446,0,0,75,83,0,75,68,0,0,1796380,1796380,0.000,20.239,20.239,0.632
c499,podem,0,4,758,750,0,8,98.9446,98.9446,0,0,80,88,0,80,69,0,0,1806094,1806094,0.000,21.086,21.086,0.527
c499,podem,0,5,758,750,0,8,98.9446,98.9446,0,0,71,79,0,71,65,0,0,1787415,1787415,0.000,22.229,22.229,0.665
c499,fixed-128,128,1,758,750,0,8,98.9446,98.9446,128,46,25,33,0,71,56,128,23659,1584195,1607854,0.622,27.117,27.739,0.823
c499,fixed-128,128,2,758,750,0,8,98.9446,98.9446,128,51,25,33,0,76,57,128,24359,1587044,1611403,0.636,27.151,27.787,0.792
c499,fixed-128,128,3,758,750,0,8,98.9446,98.9446,128,44,22,30,0,66,55,128,23793,1582922,1606715,0.636,28.212,28.848,0.743
c499,fixed-128,128,4,758,750,0,8,98.9446,98.9446,128,43,21,29,0,64,54,128,24110,1581805,1605915,0.567,26.713,27.280,0.747
c499,fixed-128,128,5,758,750,0,8,98.9446,98.9446,128,49,22,30,0,71,56,128,23821,1581967,1605788,0.577,24.309,24.886,0.581
c499,fixed-1024,1024,1,758,750,0,8,98.9446,98.9446,1024,69,2,10,0,71,54,1024,27649,1560043,1587692,0.481,17.146,17.627,0.581
c499,fixed-1024,1024,2,758,750,0,8,98.9446,98.9446,1024,76,0,8,0,76,56,1024,28384,1558187,1586571,0.483,18.473,18.956,0.560
c499,fixed-1024,1024,3,758,750,0,8,98.9446,98.9446,1024,66,0,8,0,66,55,1024,27885,1558187,1586072,0.600,18.358,18.958,0.566
c499,fixed-1024,1024,4,758,750,0,8,98.9446,98.9446,1024,63,1,9,0,64,54,1024,28172,1559145,1587317,0.534,19.879,20.413,0.691
c499,fixed-1024,1024,5,758,750,0,8,98.9446,98.9446,1024,72,0,8,0,72,55,1024,27981,1558187,1586168,0.558,18.791,19.349,0.569
c499,fixed-8192,8192,1,758,750,0,8,98.9446,98.9446,8192,71,0,8,0,71,54,8192,58475,1558187,1616662,0.731,17.939,18.670,0.572
c499,fixed-8192,8192,2,758,750,0,8,98.9446,98.9446,8192,76,0,8,0,76,56,8192,59292,1558187,1617479,0.703,17.835,18.538,0.709
c499,fixed-8192,8192,3,758,750,0,8,98.9446,98.9446,8192,66,0,8,0,66,55,8192,58789,1558187,1616976,0.871,18.622,19.493,0.550
c499,fixed-8192,8192,4,758,750,0,8,98.9446,98.9446,8192,64,0,8,0,64,54,8192,59581,1558187,1617768,0.721,17.011,17.732,0.539
c499,fixed-8192,8192,5,758,750,0,8,98.9446,98.9446,8192,72,0,8,0,72,55,8192,59177,1558187,1617364,0.683,16.031,16.714,0.557
c499,adaptive,1024,1,758,750,0,8,98.9446,98.9446,1024,69,2,10,10,71,54,1024,27649,1560043,1587692,0.482,17.595,18.077,0.615
c499,adaptive,1280,2,758,750,0,8,98.9446,98.9446,1280,76,0,8,8,76,56,1280,29480,1558187,1587667,0.551,17.331,17.882,0.537
c499,adaptive,1344,3,758,750,0,8,98.9446,98.9446,1344,66,0,8,8,66,55,1344,29263,1558187,1587450,0.532,17.273,17.804,0.563
c499,adaptive,896,4,758,750,0,8,98.9446,98.9446,896,63,1,9,9,64,54,896,27592,1559145,1586737,0.487,16.858,17.345,0.519
c499,adaptive,1216,5,758,750,0,8,98.9446,98.9446,1216,72,0,8,8,72,55,1216,28763,1558187,1586950,0.531,16.862,17.392,0.564
c880,random,32768,1,942,942,0,0,100.0000,100.0000,21760,105,0,0,0,105,67,-1,159077,0,159077,1.280,0.000,1.280,0.872
c880,random,32768,2,942,942,0,0,100.0000,100.0000,18240,117,0,0,0,117,64,-1,138159,0,138159,1.207,0.000,1.207,0.816
c880,random,32768,3,942,942,0,0,100.0000,100.0000,5632,109,0,0,0,109,67,-1,63378,0,63378,0.922,0.000,0.922,0.866
c880,random,32768,4,942,942,0,0,100.0000,100.0000,7168,103,0,0,0,103,66,-1,71254,0,71254,0.967,0.000,0.967,0.811
c880,random,32768,5,942,942,0,0,100.0000,100.0000,7424,121,0,0,0,121,66,-1,73728,0,73728,0.971,0.000,0.971,0.903
c880,podem,0,1,942,942,0,0,100.0000,100.0000,0,0,87,87,0,87,65,0,0,189637,189637,0.000,2.776,2.776,0.836
c880,podem,0,2,942,942,0,0,100.0000,100.0000,0,0,74,74,0,74,61,0,0,172278,172278,0.000,2.491,2.491,0.820
c880,podem,0,3,942,942,0,0,100.0000,100.0000,0,0,79,79,0,79,64,0,0,196397,196397,0.000,2.720,2.720,0.854
c880,podem,0,4,942,942,0,0,100.0000,100.0000,0,0,83,83,0,83,64,0,0,189465,189465,0.000,2.629,2.629,0.824
c880,podem,0,5,942,942,0,0,100.0000,100.0000,0,0,79,79,0,79,64,0,0,181066,181066,0.000,2.388,2.388,0.761
c880,fixed-128,128,1,942,942,0,0,100.0000,100.0000,128,64,30,30,0,94,61,128,26176,67445,93621,0.649,0.736,1.386,0.847
c880,fixed-128,128,2,942,942,0,0,100.0000,100.0000,128,64,36,36,0,100,69,128,24453,76697,101150,0.623,0.863,1.486,0.866
c880,fixed-128,128,3,942,942,0,0,100.0000,100.0000,128,65,30,30,0,95,67,128,26299,62132,88431,0.683,0.691,1.375,0.842
c880,fixed-128,128,4,942,942,0,0,100.0000,100.0000,128,62,33,33,0,95,65,128,25054,69831,94885,0.661,0.792,1.452,0.836
c880,fixed-128,128,5,942,942,0,0,100.0000,100.0000,128,68,34,34,0,102,67,128,25141,79086,104227,0.640,0.917,1.557,0.831
c880,fixed-1024,1024,1,942,942,0,0,100.0000,100.0000,1024,97,7,7,0,104,67,1024,34385,9810,44195,0.801,0.125,0.926,0.856
c880,fixed-1024,1024,2,942,942,0,0,100.0000,100.0000,1024,101,9,9,0,110,66,1024,34189,14007,48196,0.833,0.185,1.018,0.845
c880,fixed-1024,1024,3,942,942,0,0,100.0000,100.0000,1024,95,11,11,0,106,67,1024,34859,17726,52585,0.825,0.200,1.025,0.848
c880,fixed-1024,1024,4,942,942,0,0,100.0000,100.0000,1024,89,9,9,0,98,66,1024,33314,16363,49677,0.785,0.214,0.999,0.832
c880,fixed-1024,1024,5,942,942,0,0,100.0000,100.0000,1024,105,9,9,0,114,63,1024,34693,13407,48100,0.831,0.140,0.971,0.845
c880,fixed-8192,8192,1,942,942,0,0,100.0000,100.0000,8192,102,2,2,0,104,66,8192,77825,2103,79928,0.980,0.029,1.009,0.844
c880,fixed-8192,8192,2,942,942,0,0,100.0000,100.0000,8192,113,2,2,0,115,62,8192,77950,2180,80130,1.012,0.032,1.044,0.858
c880,fixed-8192,8192,3,942,942,0,0,100.0000,100.0000,5632,109,0,0,0,109,67,5632,63378,0,63378,0.957,0.000,0.957,0.867
c880,fixed-8192,8192,4,942,942,0,0,100.0000,100.0000,7168,103,0,0,0,103,66,7168,71254,0,71254,0.985,0.000,0.985,0.851
c880,fixed-8192,8192,5,942,942,0,0,100.0000,100.0000,7424,121,0,0,0,121,66,7424,73728,0,73728,1.013,0.000,1.013,0.956
c880,adaptive,1536,1,942,942,0,0,100.0000,100.0000,1536,97,5,5,5,102,66,1536,37563,7379,44942,0.869,0.101,0.970,0.873
c880,adaptive,2176,2,942,942,0,0,100.0000,100.0000,2176,105,7,7,7,112,63,2176,41550,10440,51990,0.886,0.125,1.010,0.880
c880,adaptive,1600,3,942,942,0,0,100.0000,100.0000,1600,96,9,9,9,105,66,1600,38604,13381,51985,0.851,0.168,1.019,0.852
c880,adaptive,1728,4,942,942,0,0,100.0000,100.0000,1728,93,9,9,9,102,66,1728,38073,12767,50840,0.862,0.158,1.020,0.877
c880,adaptive,2368,5,942,942,0,0,100.0000,100.0000,2368,114,4,4,4,118,65,2368,43156,5513,48669,0.877,0.079,0.956,0.841
c1355,random,32768,1,1574,1566,0,0,99.4917,99.4917,32768,117,0,0,0,117,87,-1,393899,0,393899,3.414,0.000,3.414,3.035
c1355,random,32768,2,1574,1566,0,0,99.4917,99.4917,32768,113,0,0,0,113,87,-1,397710,0,397710,3.332,0.000,3.332,2.610
c1355,random,32768,3,1574,1566,0,0,99.4917,99.4917,32768,105,0,0,0,105,87,-1,394510,0,394510,3.358,0.000,3.358,2.846
c1355,random,32768,4,1574,1566,0,0,99.4917,99.4917,32768,105,0,0,0,105,86,-1,396013,0,396013,3.343,0.000,3.343,2.878
c1355,random,32768,5,1574,1566,0,0,99.4917,99.4917,32768,111,0,0,0,111,88,-1,394906,0,394906,3.369,0.000,3.369,2.912
c1355,podem,0,1,1574,1566,0,8,99.4917,99.4917,0,0,146,154,0,146,122,0,0,4135462,4135462,0.000,40.564,40.564,2.026
c1355,podem,0,2,1574,1566,0,8,99.4917,99.4917,0,0,132,140,0,132,114,0,0,3965497,3965497,0.000,38.848,38.848,1.956
c1355,podem,0,3,1574,1566,0,8,99.4917,99.4917,0,0,134,142,0,134,114,0,0,4023559,4023559,0.000,39.922,39.922,2.251
c1355,podem,0,4,1574,1566,0,8,99.4917,99.4917,0,0,126,135,0,126,112,0,0,4057276,4057276,0.000,45.651,45.651,2.230
c1355,podem,0,5,1574,1566,0,8,99.4917,99.4917,0,0,144,152,0,144,116,0,0,4111007,4111007,0.000,42.582,42.582,2.048
c1355,fixed-128,128,1,1574,1566,0,8,99.4917,99.4917,128,61,56,65,0,117,87,128,75972,3410501,3486473,1.625,39.577,41.202,2.361
c1355,fixed-128,128,2,1574,1566,0,8,99.4917,99.4917,128,58,55,64,0,113,88,128,79456,3401336,3480792,1.787,40.114,41.901,2.724
c1355,fixed-128,128,3,1574,1566,0,8,99.4917,99.4917,128,52,53,63,0,105,90,128,76740,3551630,3628370,1.816,55.246,57.062,2.937
c1355,fixed-128,128,4,1574,1566,0,8,99.4917,99.4917,128,55,50,60,0,105,86,128,76879,3530922,3607801,1.960,57.684,59.643,3.242
c1355,fixed-128,128,5,1574,1566,0,8,99.4917,99.4917,128,57,53,62,0,110,91,128,77013,3383172,3460185,2.278,52.829,55.108,2.856
c1355,fixed-1024,1024,1,1574,1566,0,8,99.4917,99.4917,1024,104,13,21,0,117,87,1024,85995,2978029,3064024,2.088,40.480,42.568,2.769
c1355,fixed-1024,1024,2,1574,1566,0,8,99.4917,99.4917,1024,107,6,15,0,113,87,1024,89271,3116714,3205985,1.740,32.742,34.482,3.363
c1355,fixed-1024,1024,3,1574,1566,0,8,99.4917,99.4917,1024,97,8,16,0,105,87,1024,86570,2979334,3065904,2.109,42.812,44.921,3.147
c1355,fixed-1024,1024,4,1574,1566,0,8,99.4917,99.4917,1024,93,12,22,0,105,86,1024,86632,3420758,3507390,1.708,39.806,41.515,2.620
c1355,fixed-1024,1024,5,1574,1566,0,8,99.4917,99.4917,1024,103,8,16,0,111,88,1024,86954,3036552,3123506,1.661,37.151,38.812,2.857
c1355,fixed-8192,8192,1,1574,1566,0,8,99.4917,99.4917,8192,117,0,8,0,117,87,8192,155539,2948202,3103741,2.398,30.177,32.576,2.649
c1355,fixed-8192,8192,2,1574,1566,0,8,99.4917,99.4917,8192,113,0,8,0,113,87,8192,158878,2948202,3107080,2.060,27.875,29.935,2.566
c1355,fixed-8192,8192,3,1574,1566,0,8,99.4917,99.4917,8192,105,0,8,0,105,87,8192,156146,2948202,3104348,2.048,27.514,29.561,2.688
c1355,fixed-8192,8192,4,1574,1566,0,8,99.4917,99.4917,8192,105,0,8,0,105,86,8192,156829,2948202,3105031,2.064,27.918,29.981,2.682
c1355,fixed-8192,8192,5,1574,1566,0,8,99.4917,99.4917,8192,111,0,8,0,111,88,8192,156770,2948202,3104972,2.053,27.942,29.994,2.538
c1355,adaptive,2048,1,1574,1566,0,8,99.4917,99.4917,2048,117,0,8,8,117,87,2048,96039,2948202,3044241,1.737,28.357,30.095,2.610
c1355,adaptive,2944,2,1574,1566,0,8,99.4917,99.4917,2944,113,0,8,8,113,87,2944,108198,2948202,3056400,1.855,27.829,29.683,2.535
c1355,adaptive,2112,3,1574,1566,0,8,99.4917,99.4917,2112,104,1,9,9,105,87,2112,97168,2950926,3048094,1.815,27.829,29.644,2.579
c1355,adaptive,2112,4,1574,1566,0,8,99.4917,99.4917,2112,103,2,10,10,105,86,2112,97430,2952509,3049939,1.781,30.774,32.555,2.591
c1355,adaptive,2048,5,1574,1566,0,8,99.4917,99.4917,2048,111,0,8,8,111,88,2048,97046,2948202,3045248,1.952,29.326,31.278,2.691
c1908,random,32768,1,1879,1870,0,0,99.5210,99.5210,32768,182,0,0,0,182,129,-1,594234,0,594234,4.748,0.000,4.748,3.688
c1908,random,32768,2,1879,1870,0,0,99.5210,99.5210,32768,169,0,0,0,169,121,-1,587371,0,587371,4.849,0.000,4.849,3.602
c1908,random,32768,3,1879,1870,0,0,99.5210,99.5210,32768,180,0,0,0,180,124,-1,594137,0,594137,4.811,0.000,4.811,3.711
c1908,random,32768,4,1879,1870,0,0,99.5210,99.5210,32768,184,0,0,0,184,117,-1,589868,0,589868,4.647,0.000,4.647,3.550
c1908,random,32768,5,1879,1870,0,0,99.5210,99.5210,32768,199,0,0,0,199,125,-1,591788,0,591788,4.682,0.000,4.682,3.694
c1908,podem,0,1,1879,1870,6,3,99.5210,99.8403,0,0,152,161,0,152,132,0,0,1477983,1477983,0.000,27.641,27.641,2.559
c1908,podem,0,2,1879,1870,6,3,99.5210,99.8403,0,0,158,167,0,158,132,0,0,1500892,1500892,0.000,27.107,27.107,2.684
c1908,podem,0,3,1879,1870,6,3,99.5210,99.8403,0,0,160,169,0,160,133,0,0,1512090,1512090,0.000,26.798,26.798,2.582
c1908,podem,0,4,1879,1870,6,3,99.5210,99.8403,0,0,160,169,0,160,138,0,0,1505864,1505864,0.000,27.143,27.143,2.446
c1908,podem,0,5,1879,1870,6,3,99.5210,99.8403,0,0,157,166,0,157,137,0,0,1479436,1479436,0.000,26.859,26.859,2.533
c1908,fixed-128,128,1,1879,1870,6,3,99.5210,99.8403,128,48,121,130,0,169,136,128,112964,1143293,1256257,2.436,21.061,23.497,2.503
c1908,fixed-128,128,2,1879,1870,6,3,99.5210,99.8403,128,57,112,121,0,169,128,128,110489,1093364,1203853,2.458,21.914,24.371,2.605
c1908,fixed-128,128,3,1879,1870,6,3,99.5210,99.8403,128,47,123,132,0,170,136,128,107277,1216198,1323475,2.240,22.113,24.353,2.540
c1908,fixed-128,128,4,1879,1870,6,3,99.5210,99.8403,128,50,120,129,0,170,134,128,111911,1174656,1286567,2.340,22.471,24.811,2.587
c1908,fixed-128,128,5,1879,1870,6,3,99.5210,99.8403,128,48,124,133,0,172,131,128,106086,1204105,1310191,2.313,23.243,25.555,2.596
c1908,fixed-1024,1024,1,1879,1870,6,3,99.5210,99.8403,1024,144,36,45,0,180,128,1024,139102,776830,915932,2.923,16.148,19.071,3.100
c1908,fixed-1024,1024,2,1879,1870,6,3,99.5210,99.8403,1024,139,31,40,0,170,125,1024,132553,830757,963310,2.805,17.823,20.628,2.891
c1908,fixed-1024,1024,3,1879,1870,6,3,99.5210,99.8403,1024,139,41,50,0,180,128,1024,139134,791976,931110,2.777,18.456,21.233,3.606
c1908,fixed-1024,1024,4,1879,1870,6,3,99.5210,99.8403,1024,138,43,52,0,181,125,1024,134623,885201,1019824,2.715,18.339,21.054,2.997
c1908,fixed-1024,1024,5,1879,1870,6,3,99.5210,99.8403,1024,153,40,49,0,193,126,1024,135883,843674,979557,2.881,17.853,20.735,3.198
c1908,fixed-8192,8192,1,1879,1870,6,3,99.5210,99.8403,8192,182,0,9,0,182,129,8192,243717,672299,916016,3.352,14.733,18.085,3.629
c1908,fixed-8192,8192,2,1879,1870,6,3,99.5210,99.8403,8192,168,1,10,0,169,121,8192,236768,675048,911816,3.273,14.718,17.991,3.573
c1908,fixed-8192,8192,3,1879,1870,6,3,99.5210,99.8403,8192,180,0,9,0,180,124,8192,243521,672299,915820,3.390,15.806,19.195,3.786
c1908,fixed-8192,8192,4,1879,1870,6,3,99.5210,99.8403,8192,184,0,9,0,184,117,8192,239237,672299,911536,3.332,15.339,18.671,3.670
c1908,fixed-8192,8192,5,1879,1870,6,3,99.5210,99.8403,8192,198,1,10,0,199,125,8192,240869,675048,915917,3.382,15.110,18.492,3.776
c1908,adaptive,3520,1,1879,1870,6,3,99.5210,99.8403,3520,175,7,16,16,182,129,3520,176302,692156,868458,3.131,15.392,18.523,3.585
c1908,adaptive,3584,2,1879,1870,6,3,99.5210,99.8403,3584,164,5,14,14,169,121,3584,170756,687043,857799,3.183,15.284,18.467,3.669
c1908,adaptive,3648,3,1879,1870,6,3,99.5210,99.8403,3648,172,8,17,17,180,125,3648,178252,693304,871556,3.264,14.986,18.250,3.470
c1908,adaptive,3648,4,1879,1870,6,3,99.5210,99.8403,3648,180,4,13,13,184,116,3648,174162,683270,857432,3.003,14.656,17.659,3.423
c1908,adaptive,3328,5,1879,1870,6,3,99.5210,99.8403,3328,192,7,16,16,199,126,3328,171132,692075,863207,3.054,14.485,17.539,3.504
c2670,random,32768,1,2747,2339,0,0,85.1474,85.1474,32768,115,0,0,0,115,79,-1,2255637,0,2255637,45.656,0.000,45.656,2.864
c2670,random,32768,2,2747,2420,0,0,88.0961,88.0961,32768,119,0,0,0,119,80,-1,2177123,0,2177123,43.866,0.000,43.866,2.624
c2670,random,32768,3,2747,2338,0,0,85.1110,85.1110,32768,111,0,0,0,111,70,-1,2280165,0,2280165,45.904,0.000,45.904,2.541
c2670,random,32768,4,2747,2332,0,0,84.8926,84.8926,32768,121,0,0,0,121,76,-1,2288806,0,2288806,45.657,0.000,45.657,2.574
c2670,random,32768,5,2747,2342,0,0,85.2566,85.2566,32768,116,0,0,0,116,70,-1,2236743,0,2236743,45.130,0.000,45.130,2.674
c2670,podem,0,1,2747,2630,64,53,95.7408,98.0706,0,0,138,255,0,138,116,0,0,14950104,14950104,0.000,259.238,259.238,2.612
c2670,podem,0,2,2747,2630,64,53,95.7408,98.0706,0,0,146,263,0,146,117,0,0,15070823,15070823,0.000,261.924,261.924,2.627
c2670,podem,0,3,2747,2630,64,53,95.7408,98.0706,0,0,143,260,0,143,111,0,0,15028536,15028536,0.000,260.494,260.494,2.620
c2670,podem,0,4,2747,2630,64,53,95.7408,98.0706,0,0,134,251,0,134,109,0,0,14947104,14947104,0.000,258.772,258.772,2.590
c2670,podem,0,5,2747,2630,64,53,95.7408,98.0706,0,0,133,250,0,133,115,0,0,14989798,14989798,0.000,261.439,261.439,2.620
c2670,fixed-128,128,1,2747,2630,64,53,95.7408,98.0706,128,77,102,219,0,179,119,128,86221,14672680,14758901,2.430,258.347,260.777,2.761
c2670,fixed-128,128,2,2747,2630,64,53,95.7408,98.0706,128,68,109,226,0,177,106,128,89227,14667385,14756612,2.509,255.445,257.954,2.707
c2670,fixed-128,128,3,2747,2630,64,53,95.7408,98.0706,128,76,90,207,0,166,113,128,89601,14536622,14626223,2.530,249.919,252.449,2.638
c2670,fixed-128,128,4,2747,2630,64,53,95.7408,98.0706,128,80,97,214,0,177,110,128,91146,14528376,14619522,2.456,258.222,260.678,2.694
c2670,fixed-128,128,5,2747,2630,64,53,95.7408,98.0706,128,81,97,214,0,178,118,128,90551,14525208,14615759,2.545,257.414,259.959,2.697
c2670,fixed-1024,1024,1,2747,2630,64,53,95.7408,98.0706,1024,105,75,192,0,180,114,1024,151051,14369175,14520226,3.793,258.757,262.549,2.817
c2670,fixed-1024,1024,2,2747,2630,64,53,95.7408,98.0706,1024,106,78,195,0,184,117,1024,156335,14331779,14488114,4.339,253.189,257.528,2.580
c2670,fixed-1024,1024,3,2747,2630,64,53,95.7408,98.0706,1024,103,77,194,0,180,116,1024,154323,14302614,14456937,3.996,254.916,258.912,2.704
c2670,fixed-1024,1024,4,2747,2630,64,53,95.7408,98.0706,1024,109,80,197,0,189,118,1024,155286,14317002,14472288,3.969,252.480,256.449,2.520
c2670,fixed-1024,1024,5,2747,2630,64,53,95.7408,98.0706,1024,107,76,193,0,183,112,1024,155303,14308518,14463821,3.863,242.571,246.434,2.591
c2670,fixed-8192,8192,1,2747,2630,64,53,95.7408,98.0706,8192,111,73,190,0,184,118,8192,634554,14273950,14908504,12.507,237.789,250.296,2.548
c2670,fixed-8192,8192,2,2747,2630,64,53,95.7408,98.0706,8192,116,73,190,0,189,120,8192,637418,14273973,14911391,12.885,242.106,254.991,2.565
c2670,fixed-8192,8192,3,2747,2630,64,53,95.7408,98.0706,8192,107,77,194,0,184,122,8192,641291,14292371,14933662,13.308,237.727,251.036,2.462
c2670,fixed-8192,8192,4,2747,2630,64,53,95.7408,98.0706,8192,118,73,190,0,191,118,8192,642169,14276542,14918711,12.612,234.087,246.699,2.426
c2670,fixed-8192,8192,5,2747,2630,64,53,95.7408,98.0706,8192,113,73,190,0,186,116,8192,635248,14275833,14911081,12.684,242.035,254.719,2.551
c2670,adaptive,1472,1,2747,2630,64,53,95.7408,98.0706,1472,107,73,190,16,180,113,1472,178202,14263730,14441932,4.446,275.932,280.378,2.815
c2670,adaptive,1856,2,2747,2630,64,53,95.7408,98.0706,1856,111,76,193,16,187,119,1856,211196,14287053,14498249,5.287,242.151,247.439,2.571
c2670,adaptive,1408,3,2747,2630,64,53,95.7408,98.0706,1408,103,75,192,16,178,112,1408,177390,14280540,14457930,4.337,258.186,262.523,2.689
c2670,adaptive,2304,4,2747,2630,64,53,95.7408,98.0706,2304,112,79,196,16,191,120,2304,239299,14285805,14525104,5.552,245.333,250.885,2.575
c2670,adaptive,1792,5,2747,2630,64,53,95.7408,98.0706,1792,108,75,192,16,183,119,1792,204640,14284542,14489182,4.976,245.071,250.047,2.670
c3540,random,32768,1,3428,3291,0,0,96.0035,96.0035,32768,253,0,0,0,253,183,-1,1431135,0,1431135,18.543,0.000,18.543,11.057
c3540,random,32768,2,3428,3291,0,0,96.0035,96.0035,32768,250,0,0,0,250,185,-1,1437499,0,1437499,18.316,0.000,18.316,10.520
c3540,random,32768,3,3428,3291,0,0,96.0035,96.0035,32768,279,0,0,0,279,180,-1,1434191,0,1434191,18.465,0.000,18.465,10.516
c3540,random,32768,4,3428,3291,0,0,96.0035,96.0035,32768,258,0,0,0,258,178,-1,1444064,0,1444064,18.312,0.000,18.312,10.039
c3540,random,32768,5,3428,3290,0,0,95.9743,95.9743,32768,253,0,0,0,253,179,-1,1433827,0,1433827,17.949,0.000,17.949,10.234
c3540,podem,0,1,3428,3285,84,59,95.8285,98.2789,0,0,216,360,0,216,170,0,0,32118082,32118082,0.000,758.831,758.831,11.647
c3540,podem,0,2,3428,3286,84,58,95.8576,98.3081,0,0,210,355,0,210,168,0,0,32595310,32595310,0.000,772.636,772.636,11.105
c3540,podem,0,3,3428,3283,84,61,95.7701,98.2205,0,0,204,349,0,204,162,0,0,32058064,32058064,0.000,769.456,769.456,10.685
c3540,podem,0,4,3428,3284,84,60,95.7993,98.2497,0,0,217,363,0,217,173,0,0,32352244,32352244,0.000,771.523,771.523,10.997
c3540,podem,0,5,3428,3284,84,60,95.7993,98.2497,0,0,203,347,0,203,167,0,0,31679768,31679768,0.000,756.983,756.983,10.929
c3540,fixed-128,128,1,3428,3284,84,60,95.7993,98.2497,128,99,132,279,0,231,178,128,343594,31622214,31965808,9.514,746.862,756.377,10.837
c3540,fixed-128,128,2,3428,3283,84,61,95.7701,98.2205,128,99,131,276,0,230,168,128,342994,30986869,31329863,9.237,733.697,742.934,11.514
c3540,fixed-128,128,3,3428,3285,84,59,95.8285,98.2789,128,101,137,282,0,238,171,128,338382,31002844,31341226,10.008,757.634,767.642,11.056
c3540,fixed-128,128,4,3428,3285,84,59,95.8285,98.2789,128,95,129,272,0,224,172,128,355154,29880551,30235705,9.817,711.497,721.314,11.170
c3540,fixed-128,128,5,3428,3283,84,61,95.7701,98.2205,128,101,130,275,0,231,174,128,338489,31282151,31620640,9.987,768.452,778.440,10.402
c3540,fixed-1024,1024,1,3428,3289,84,55,95.9452,98.3956,1024,216,32,171,0,248,175,1024,415489,27066754,27482243,11.632,686.869,698.501,10.862
c3540,fixed-1024,1024,2,3428,3289,84,55,95.9452,98.3956,1024,210,33,172,0,243,177,1024,422325,27077353,27499678,11.756,720.649,732.405,11.072
c3540,fixed-1024,1024,3,3428,3289,84,55,95.9452,98.3956,1024,238,35,174,0,273,180,1024,419127,27252485,27671612,12.317,706.774,719.091,10.884
c3540,fixed-1024,1024,4,3428,3290,84,54,95.9743,98.4247,1024,208,41,179,0,249,173,1024,425867,26641095,27066962,12.001,687.971,699.973,10.318
c3540,fixed-1024,1024,5,3428,3290,84,54,95.9743,98.4247,1024,202,44,182,0,246,179,1024,415827,26676565,27092392,11.944,655.448,667.391,10.524
c3540,fixed-8192,8192,1,3428,3290,84,54,95.9743,98.4247,8192,250,2,140,0,252,182,8192,649594,26407106,27056700,12.972,644.073,657.045,10.726
c3540,fixed-8192,8192,2,3428,3291,84,53,96.0035,98.4539,8192,246,4,141,0,250,185,8192,656715,25909456,26566171,13.829,632.153,645.982,10.175
c3540,fixed-8192,8192,3,3428,3291,84,53,96.0035,98.4539,8192,278,1,138,0,279,180,8192,653259,25892009,26545268,13.317,625.277,638.594,10.666
c3540,fixed-8192,8192,4,3428,3291,84,53,96.0035,98.4539,8192,253,5,142,0,258,178,8192,661303,25915425,26576728,13.548,649.354,662.902,10.804
c3540,fixed-8192,8192,5,3428,3290,84,54,95.9743,98.4247,8192,252,1,139,0,253,179,8192,652161,26399504,27051665,13.967,675.156,689.123,10.909
c3540,adaptive,4352,1,3428,3290,84,54,95.9743,98.4247,4352,248,4,142,22,252,180,4352,525944,26418493,26944437,12.608,646.989,659.597,10.363
c3540,adaptive,10752,2,3428,3290,84,54,95.9743,98.4247,10752,245,4,142,27,249,182,10752,728933,26418612,27147545,13.796,667.496,681.293,10.881
c3540,adaptive,6144,3,3428,3291,84,53,96.0035,98.4539,6144,277,2,139,23,279,180,6144,585384,25897995,26483379,13.417,644.150,657.567,12.131
c3540,adaptive,6592,4,3428,3291,84,53,96.0035,98.4539,6592,253,5,142,38,258,178,6592,606580,25917226,26523806,14.138,660.889,675.027,10.508
c3540,adaptive,8576,5,3428,3291,84,53,96.0035,98.4539,8576,250,4,141,16,254,180,8576,663602,25909660,26573262,13.289,655.391,668.680,11.722
c5315,random,32768,1,5350,5291,0,0,98.8972,98.8972,32768,209,0,0,0,209,139,-1,1450659,0,1450659,13.590,0.000,13.590,6.285
c5315,random,32768,2,5350,5291,0,0,98.8972,98.8972,32768,216,0,0,0,216,138,-1,1446684,0,1446684,14.023,0.000,14.023,6.391
c5315,random,32768,3,5350,5291,0,0,98.8972,98.8972,32768,217,0,0,0,217,150,-1,1446949,0,1446949,14.190,0.000,14.190,6.399
c5315,random,32768,4,5350,5291,0,0,98.8972,98.8972,32768,208,0,0,0,208,143,-1,1447475,0,1447475,14.551,0.000,14.551,6.311
c5315,random,32768,5,5350,5291,0,0,98.8972,98.8972,32768,211,0,0,0,211,140,-1,1447314,0,1447314,14.466,0.000,14.466,6.547
c5315,podem,0,1,5350,5290,55,5,98.8785,99.9065,0,0,178,238,0,178,144,0,0,4009363,4009363,0.000,89.666,89.666,5.952
c5315,podem,0,2,5350,5289,55,6,98.8598,99.8879,0,0,177,238,0,177,139,0,0,4373744,4373744,0.000,96.712,96.712,6.200
c5315,podem,0,3,5350,5289,55,6,98.8598,99.8879,0,0,166,227,0,166,134,0,0,4285870,4285870,0.000,98.866,98.866,6.141
c5315,podem,0,4,5350,5289,55,6,98.8598,99.8879,0,0,164,225,0,164,139,0,0,4233324,4233324,0.000,96.446,96.446,6.011
c5315,podem,0,5,5350,5291,55,4,98.8972,99.9252,0,0,179,239,0,179,138,0,0,4361238,4361238,0.000,96.686,96.686,5.961
c5315,fixed-128,128,1,5350,5290,55,5,98.8785,99.9065,128,100,95,155,0,195,140,128,195130,3321851,3516981,5.510,74.494,80.003,6.125
c5315,fixed-128,128,2,5350,5291,55,4,98.8972,99.9252,128,108,92,152,0,200,145,128,193982,3129147,3323129,5.827,71.922,77.749,5.898
c5315,fixed-128,128,3,5350,5289,55,6,98.8598,99.8879,128,100,103,164,0,203,137,128,194011,3496677,3690688,5.453,78.657,84.110,6.108
c5315,fixed-128,128,4,5350,5289,55,6,98.8598,99.8879,128,101,101,162,0,202,144,128,194393,3680985,3875378,5.915,82.195,88.110,5.928
c5315,fixed-128,128,5,5350,5289,55,6,98.8598,99.8879,128,104,90,151,0,194,132,128,193625,3320019,3513644,5.508,73.063,78.571,5.939
c5315,fixed-1024,1024,1,5350,5290,55,5,98.8785,99.9065,1024,191,16,76,0,207,148,1024,243332,2418443,2661775,6.347,56.922,63.269,6.057
c5315,fixed-1024,1024,2,5350,5290,55,5,98.8785,99.9065,1024,208,8,68,0,216,137,1024,239397,2160127,2399524,6.164,50.367,56.531,6.068
c5315,fixed-1024,1024,3,5350,5291,55,4,98.8972,99.9252,1024,205,12,71,0,217,155,1024,239947,1985645,2225592,6.263,47.057,53.320,5.925
c5315,fixed-1024,1024,4,5350,5290,55,5,98.8785,99.9065,1024,192,17,77,0,209,145,1024,240329,2337057,2577386,6.029,54.128,60.156,6.279
c5315,fixed-1024,1024,5,5350,5291,55,4,98.8972,99.9252,1024,199,11,70,0,210,137,1024,240020,1847050,2087070,6.378,43.930,50.309,6.240
c5315,fixed-8192,8192,1,5350,5291,55,4,98.8972,99.9252,8192,209,0,59,0,209,139,8192,516703,1755297,2272000,8.172,42.573,50.745,5.969
c5315,fixed-8192,8192,2,5350,5291,55,4,98.8972,99.9252,8192,216,0,59,0,216,138,8192,512740,1755297,2268037,7.935,41.992,49.927,6.140
c5315,fixed-8192,8192,3,5350,5291,55,4,98.8972,99.9252,8192,217,0,59,0,217,150,8192,513015,1755297,2268312,7.855,41.327,49.182,6.446
c5315,fixed-8192,8192,4,5350,5291,55,4,98.8972,99.9252,8192,208,0,59,0,208,143,8192,513560,1755297,2268857,8.389,43.494,51.883,5.912
c5315,fixed-8192,8192,5,5350,5291,55,4,98.8972,99.9252,8192,211,0,59,0,211,140,8192,513351,1755297,2268648,7.621,41.675,49.296,6.133
c5315,adaptive,30016,1,5350,5291,55,4,98.8972,99.9252,30016,209,0,59,48,209,137,30016,1304114,1755297,3059411,12.025,41.602,53.626,5.959
c5315,adaptive,4672,2,5350,5291,55,4,98.8972,99.9252,4672,215,1,60,16,216,137,4672,377811,1763672,2141483,6.917,41.305,48.222,6.123
c5315,adaptive,4480,3,5350,5291,55,4,98.8972,99.9252,4480,216,1,60,34,217,151,4480,369438,1761580,2131018,6.976,40.931,47.907,6.103
c5315,adaptive,4544,4,5350,5291,55,4,98.8972,99.9252,4544,207,1,60,32,208,143,4544,372890,1761540,2134430,7.145,41.067,48.212,6.015
c5315,adaptive,4864,5,5350,5291,55,4,98.8972,99.9252,4864,210,1,60,16,211,140,4864,386014,1761625,2147639,7.001,41.483,48.484,6.071
c6288,random,32768,1,7744,7710,0,0,99.5610,99.5610,32768,52,0,0,0,52,35,-1,2806830,0,2806830,37.771,0.000,37.771,34.957
c6288,random,32768,2,7744,7710,0,0,99.5610,99.5610,32768,44,0,0,0,44,41,-1,2885888,0,2885888,40.625,0.000,40.625,36.894
c6288,random,32768,3,7744,7710,0,0,99.5610,99.5610,32768,48,0,0,0,48,36,-1,2845782,0,2845782,37.876,0.000,37.876,34.377
c6288,random,32768,4,7744,7710,0,0,99.5610,99.5610,32768,45,0,0,0,45,42,-1,2853722,0,2853722,37.837,0.000,37.837,35.072
c6288,random,32768,5,7744,7710,0,0,99.5610,99.5610,32768,56,0,0,0,56,40,-1,2882211,0,2882211,40.785,0.000,40.785,35.785
c6288,podem,0,1,7744,7710,32,2,99.5610,99.9742,0,0,35,70,0,35,33,0,0,3882522,3882522,0.000,79.989,79.989,37.569
c6288,podem,0,2,7744,7710,32,2,99.5610,99.9742,0,0,38,72,0,38,34,0,0,3444270,3444270,0.000,74.705,74.705,40.045
c6288,podem,0,3,7744,7710,32,2,99.5610,99.9742,0,0,34,69,0,34,31,0,0,3523287,3523287,0.000,75.097,75.097,36.446
c6288,podem,0,4,7744,7710,32,2,99.5610,99.9742,0,0,38,72,0,38,36,0,0,3302807,3302807,0.000,72.021,72.021,37.295
c6288,podem,0,5,7744,7710,32,2,99.5610,99.9742,0,0,40,74,0,40,37,0,0,3275141,3275141,0.000,67.420,67.420,40.585
c6288,fixed-128,128,1,7744,7710,32,2,99.5610,99.9742,128,51,1,35,0,52,36,128,1557278,1725373,3282651,35.886,41.855,77.741,35.230
c6288,fixed-128,128,2,7744,7710,32,2,99.5610,99.9742,128,44,0,34,0,44,41,128,1636898,1684974,3321872,38.014,42.202,80.215,37.816
c6288,fixed-128,128,3,7744,7710,32,2,99.5610,99.9742,128,48,0,34,0,48,36,128,1596792,1684974,3281766,35.817,40.799,76.615,34.908
c6288,fixed-128,128,4,7744,7710,32,2,99.5610,99.9742,128,45,0,34,0,45,42,128,1604732,1684974,3289706,36.396,42.628,79.023,36.456
c6288,fixed-128,128,5,7744,7710,32,2,99.5610,99.9742,128,55,1,35,0,56,37,128,1633125,1696091,3329216,36.486,41.457,77.943,36.672
c6288,fixed-1024,1024,1,7744,7710,32,2,99.5610,99.9742,1024,52,0,34,0,52,35,1024,1592126,1684974,3277100,34.655,40.826,75.481,35.512
c6288,fixed-1024,1024,2,7744,7710,32,2,99.5610,99.9742,1024,44,0,34,0,44,41,1024,1671184,1684974,3356158,37.816,40.121,77.938,38.418
c6288,fixed-1024,1024,3,7744,7710,32,2,99.5610,99.9742,1024,48,0,34,0,48,36,1024,1631078,1684974,3316052,35.800,42.837,78.637,35.856
c6288,fixed-1024,1024,4,7744,7710,32,2,99.5610,99.9742,1024,45,0,34,0,45,42,1024,1639018,1684974,3323992,35.766,40.567,76.333,36.542
c6288,fixed-1024,1024,5,7744,7710,32,2,99.5610,99.9742,1024,56,0,34,0,56,40,1024,1667507,1684974,3352481,36.830,41.084,77.914,36.002
c6288,fixed-8192,8192,1,7744,7710,32,2,99.5610,99.9742,8192,52,0,34,0,52,35,8192,1866414,1684974,3551388,34.984,40.641,75.626,35.659
c6288,fixed-8192,8192,2,7744,7710,32,2,99.5610,99.9742,8192,44,0,34,0,44,41,8192,1945472,1684974,3630446,37.443,40.337,77.780,36.812
c6288,fixed-8192,8192,3,7744,7710,32,2,99.5610,99.9742,8192,48,0,34,0,48,36,8192,1905366,1684974,3590340,36.401,40.030,76.431,34.435
c6288,fixed-8192,8192,4,7744,7710,32,2,99.5610,99.9742,8192,45,0,34,0,45,42,8192,1913306,1684974,3598280,37.025,41.059,78.084,35.204
c6288,fixed-8192,8192,5,7744,7710,32,2,99.5610,99.9742,8192,56,0,34,0,56,40,8192,1941795,1684974,3626769,34.929,40.152,75.081,35.981
c6288,adaptive,896,1,7744,7710,32,2,99.5610,99.9742,896,52,0,34,34,52,35,896,1587228,1684974,3272202,33.828,40.895,74.723,34.500
c6288,adaptive,512,2,7744,7710,32,2,99.5610,99.9742,512,44,0,34,34,44,41,512,1651592,1684974,3336566,37.227,39.894,77.121,36.394
c6288,adaptive,512,3,7744,7710,32,2,99.5610,99.9742,512,48,0,34,34,48,36,512,1611486,1684974,3296460,37.669,40.322,77.991,35.577
c6288,adaptive,512,4,7744,7710,32,2,99.5610,99.9742,512,45,0,34,34,45,42,512,1619426,1684974,3304400,35.563,39.663,75.226,35.585
c6288,adaptive,896,5,7744,7710,32,2,99.5610,99.9742,896,56,0,34,34,56,40,896,1662609,1684974,3347583,36.058,39.196,75.254,35.673
c7552,random,32768,1,7550,7184,0,0,95.1523,95.1523,32768,274,0,0,0,274,169,-1,3404797,0,3404797,58.654,0.000,58.654,10.186
c7552,random,32768,2,7550,7203,0,0,95.4040,95.4040,32768,288,0,0,0,288,180,-1,3479725,0,3479725,61.968,0.000,61.968,10.125
c7552,random,32768,3,7550,7191,0,0,95.2450,95.2450,32768,294,0,0,0,294,175,-1,3474997,0,3474997,62.650,0.000,62.650,10.772
c7552,random,32768,4,7550,7199,0,0,95.3510,95.3510,32768,299,0,0,0,299,184,-1,3348735,0,3348735,60.303,0.000,60.303,10.261
c7552,random,32768,5,7550,7155,0,0,94.7682,94.7682,32768,292,0,0,0,292,169,-1,3523298,0,3523298,62.212,0.000,62.212,10.470
c7552,podem,0,1,7550,7419,52,79,98.2649,98.9536,0,0,309,443,0,309,240,0,0,27122563,27122563,0.000,521.773,521.773,11.181
c7552,podem,0,2,7550,7417,52,81,98.2384,98.9272,0,0,303,438,0,303,231,0,0,27801157,27801157,0.000,571.837,571.837,11.171
c7552,podem,0,3,7550,7418,52,80,98.2517,98.9404,0,0,308,442,0,308,239,0,0,27691794,27691794,0.000,567.119,567.119,11.011
c7552,podem,0,4,7550,7417,52,81,98.2384,98.9272,0,0,311,448,0,311,234,0,0,28795510,28795510,0.000,585.834,585.834,11.670
c7552,podem,0,5,7550,7416,52,82,98.2252,98.9139,0,0,303,440,0,303,225,0,0,28986873,28986873,0.000,591.421,591.421,11.214
c7552,fixed-128,128,1,7550,7418,52,80,98.2517,98.9404,128,114,203,339,0,317,223,128,310655,26500554,26811209,8.981,518.340,527.321,11.166
c7552,fixed-128,128,2,7550,7416,52,82,98.2252,98.9139,128,109,221,358,0,330,233,128,304066,26803692,27107758,8.508,521.620,530.128,11.144
c7552,fixed-128,128,3,7550,7416,52,82,98.2252,98.9139,128,107,232,368,0,339,233,128,309164,26814539,27123703,9.170,524.474,533.643,11.034
c7552,fixed-128,128,4,7550,7416,52,82,98.2252,98.9139,128,112,219,355,0,331,239,128,304580,26632218,26936798,8.596,527.286,535.882,11.595
c7552,fixed-128,128,5,7550,7416,52,82,98.2252,98.9139,128,116,221,358,0,337,233,128,307405,27463848,27771253,9.013,564.077,573.091,11.508
c7552,fixed-1024,1024,1,7550,7419,52,79,98.2649,98.9536,1024,206,137,270,0,343,236,1024,431274,23564352,23995626,11.959,476.248,488.207,11.311
c7552,fixed-1024,1024,2,7550,7419,52,79,98.2649,98.9536,1024,226,144,277,0,370,251,1024,425769,23546336,23972105,11.409,460.761,472.171,12.216
c7552,fixed-1024,1024,3,7550,7419,52,79,98.2649,98.9536,1024,224,145,278,0,369,234,1024,429551,23852622,24282173,11.580,477.897,489.477,11.890
c7552,fixed-1024,1024,4,7550,7419,52,79,98.2649,98.9536,1024,220,146,279,0,366,244,1024,429363,23813977,24243340,11.934,483.862,495.796,12.090
c7552,fixed-1024,1024,5,7550,7419,52,79,98.2649,98.9536,1024,224,143,276,0,367,224,1024,428130,23570015,23998145,12.223,502.340,514.563,11.778
c7552,fixed-8192,8192,1,7550,7419,52,79,98.2649,98.9536,8192,242,111,242,0,353,227,8192,1204686,22767388,23972074,26.835,462.053,488.888,11.122
c7552,fixed-8192,8192,2,7550,7419,52,79,98.2649,98.9536,8192,264,105,238,0,369,234,8192,1184710,23306438,24491148,24.777,471.442,496.219,11.769
c7552,fixed-8192,8192,3,7550,7419,52,79,98.2649,98.9536,8192,271,104,235,0,375,233,8192,1187084,22732622,23919706,24.621,446.975,471.596,11.510
c7552,fixed-8192,8192,4,7550,7419,52,79,98.2649,98.9536,8192,267,110,241,0,377,236,8192,1189081,22803808,23992889,24.350,457.248,481.599,11.388
c7552,fixed-8192,8192,5,7550,7419,52,79,98.2649,98.9536,8192,262,116,247,0,378,230,8192,1205536,22863161,24068697,25.904,463.430,489.334,11.710
c7552,adaptive,1536,1,7550,7419,52,79,98.2649,98.9536,1536,215,128,260,16,343,235,1536,489025,23009637,23498662,13.074,467.692,480.766,11.012
c7552,adaptive,5632,2,7550,7419,52,79,98.2649,98.9536,5632,262,105,238,16,367,230,5632,910114,23298306,24208420,20.629,460.852,481.481,12.304
c7552,adaptive,3264,3,7550,7419,52,79,98.2649,98.9536,3264,255,116,248,16,371,241,3264,674501,22872601,23547102,16.930,455.389,472.319,11.312
c7552,adaptive,4864,4,7550,7419,52,79,98.2649,98.9536,4864,258,114,247,16,372,233,4864,856718,23314908,24171626,19.049,465.995,485.044,11.826
c7552,adaptive,3264,5,7550,7419,52,79,98.2649,98.9536,3264,248,126,259,16,374,234,3264,679049,23608139,24287188,16.994,465.932,482.926,11.436
